{
	"class_name" : "PinholeCameraParameters",
	"extrinsic" : 
	[
		0.99909632176969165,
		-0.0079814816460044499,
		0.041747284666279236,
		0.0,
		-0.0042111269149835715,
		-0.99596589925866141,
		-0.089633665126402862,
		0.0,
		0.042294281367328608,
		0.089376862020439735,
		-0.99509947758955275,
		0.0,
		46.732778438175615,
		-11.368522360205565,
		245.31238189600532,
		1.0
	],
	"intrinsic" : 
	{
		"height" : 1080,
		"intrinsic_matrix" : 
		[
			935.30743608719376,
			0.0,
			0.0,
			0.0,
			935.30743608719376,
			0.0,
			959.5,
			539.5,
			1.0
		],
		"width" : 1920
	},
	"version_major" : 1,
	"version_minor" : 0
}